Dataset size100,200
LR-[ ]-MH-1000.055143615241758245,0.114656059
Dataset size,100,200
Dataset size,100,200
Dataset size,100,200
Dataset size,100,200
LR-[ ]-BBVI-50-10,0.06611265511842106,0.13741006354054056
LR-[ ]-SMC-100,0.9653100493333334,3.9555909555
